ID,TargetF1,TargetRAUC
ID_TS_NEW_SBZAYD5I,1,0.9990805930285874
ID_TS_NEW_7SPRN3PB,1,0.6630298345112832
ID_TS_NEW_LZOWPHLC,1,0.9898024391997895
ID_TS_NEW_DN6TUF64,1,0.9969800414162809
ID_TS_NEW_95N82M49,0,0.2237525445893866
ID_TS_NEW_BFEAVD50,1,0.8695369186552145
ID_TS_NEW_D1E33N0Z,1,0.9898232865547296
ID_TS_NEW_C85XZKDC,0,0.07159045041926144
ID_TS_NEW_1Y90ZQUH,0,0.49844928739536726
ID_TS_NEW_MZJ5GJYB,1,0.9965442229364759
ID_TS_NEW_IUD9BRKX,1,0.9858607605670648
ID_TS_NEW_72QFA5EU,1,0.8882913286421213
ID_TS_NEW_47DGP36L,1,0.9871438902684898
ID_TS_NEW_HXTFGEV3,1,0.994192996852067
ID_TS_NEW_VMPCF9WN,1,0.8931736079998589
ID_TS_NEW_NVPXE0VA,0,0.0016157032139615703
ID_TS_NEW_8LL4PIL8,1,0.8149347815437747
ID_TS_NEW_HMDZLJIE,0,0.42876131734022943
ID_TS_NEW_PMX7SKJQ,1,0.9693555805120189
ID_TS_NEW_MO6E00DO,1,0.998524860854141
ID_TS_NEW_2VZE6WN7,1,0.823129194136272
ID_TS_NEW_SRGNZQZD,1,0.9576976416223277
ID_TS_NEW_1G52IQA5,1,0.9566504790279685
ID_TS_NEW_UGOK73FG,0,0.4166680558381729
ID_TS_NEW_T2466L38,1,0.8449876097562715
ID_TS_NEW_R0Q38OA8,1,0.9682727046646032
ID_TS_NEW_DDBN6OEU,1,0.9870543190616521
ID_TS_NEW_O0U4YHI1,1,0.9828816579133256
ID_TS_NEW_I3F4EPVP,1,0.972955896166515
ID_TS_NEW_31NYZBQP,0,0.2872171417479989
ID_TS_NEW_MFEBBK67,1,0.9981122051627799
ID_TS_NEW_UX1S7FH5,0,0.24581377998453655
ID_TS_NEW_1Q223ITD,1,0.9121777674031939
ID_TS_NEW_49RPQPQX,1,0.997733505085965
ID_TS_NEW_5CI9XZZC,0,0.060070771609163354
ID_TS_NEW_KW7F7YT4,0,0.33110218632446636
ID_TS_NEW_JRDA0BSJ,1,0.9987155316814937
ID_TS_NEW_1GH47ZMP,0,0.09891271523667632
ID_TS_NEW_SIR5I0GB,0,0.38905041646520766
ID_TS_NEW_LF40N8CH,1,0.8358582025921459
ID_TS_NEW_BRIJYAHA,0,0.4477378861862996
ID_TS_NEW_LP0Z54YQ,1,0.9927152546549571
ID_TS_NEW_41FI7XCM,1,0.9593314003996313
ID_TS_NEW_APBNYDXR,1,0.9618196716264115
ID_TS_NEW_WZG3T1DJ,1,0.9290019314426254
ID_TS_NEW_YJ8V1JMK,1,0.9830333958753696
ID_TS_NEW_V0T94C5D,1,0.961760351333233
ID_TS_NEW_0G2STM32,1,0.9984595007483513
ID_TS_NEW_1MX99FFB,1,0.8128750333962944
ID_TS_NEW_FQGEDJEM,0,0.14994283185655377
ID_TS_NEW_VS67WH7B,0,0.02161408228584292
ID_TS_NEW_833N4NO5,1,0.991155383439079
ID_TS_NEW_5554YU3O,1,0.9223898459038637
ID_TS_NEW_25CF5N3E,0,0.49201301319945734
ID_TS_NEW_WPDJSTG0,1,0.8415323385094476
ID_TS_NEW_DGHY5358,0,0.2953045311530531
ID_TS_NEW_HKVL4CSD,1,0.9891215361372491
ID_TS_NEW_E8HFUOKY,1,0.9917537835293342
ID_TS_NEW_7EP92VXI,1,0.6086824181832887
ID_TS_NEW_KK65JUGM,1,0.9869738281470521
ID_TS_NEW_BVIUX9FH,1,0.995020644410181
ID_TS_NEW_3E95I4NZ,1,0.9880633748789078
ID_TS_NEW_G76POS4W,1,0.9994190223229005
ID_TS_NEW_EVGCEMI6,1,0.939242927475158
ID_TS_NEW_02SGGVQX,1,0.9897269512309126
ID_TS_NEW_ANRFV6OD,1,0.5599194535623611
ID_TS_NEW_USFCKEAD,1,0.9571395001115424
ID_TS_NEW_VM7G3X94,1,0.9680758144075994
ID_TS_NEW_J9NW1M6J,1,0.9930214598630733
ID_TS_NEW_FDXMYNN9,1,0.9705340174589601
ID_TS_NEW_HUI71UZW,0,0.05076387617780507
ID_TS_NEW_1E1L3F3M,0,0.37286188053359787
ID_TS_NEW_657RGOA6,1,0.8864236680859585
ID_TS_NEW_MCIWQNMI,1,0.7203024236582432
ID_TS_NEW_91WVZG2W,0,0.1571463561642248
ID_TS_NEW_BJ7S4I1C,1,0.8482170794810829
ID_TS_NEW_PN1MGEY3,1,0.9934036513319223
ID_TS_NEW_NSBFB3EX,1,0.7806493534735117
ID_TS_NEW_4EMFUS6S,1,0.9685762783168967
ID_TS_NEW_365NWLEN,1,0.9680698287603676
ID_TS_NEW_S31BFP0C,1,0.8814799361828723
ID_TS_NEW_TXQLECUZ,0,0.2406725864856889
ID_TS_NEW_EGUYSWOR,1,0.8523866976420532
ID_TS_NEW_NY46P5AJ,0,0.0008794254793707929
ID_TS_NEW_5NQZ6IM6,1,0.9941956696876616
ID_TS_NEW_0Y4B5NVC,1,0.9909808993140956
ID_TS_NEW_KFYH9796,1,0.9187887103613082
ID_TS_NEW_XWNMFK80,0,0.005182656091398086
ID_TS_NEW_YH3UPMDC,1,0.9729018456273856
ID_TS_NEW_RW3MXYQH,1,0.9959587077460375
ID_TS_NEW_91R6IB7E,1,0.9252845808632207
ID_TS_NEW_XGRBPFZK,0,0.47327371270381574
ID_TS_NEW_O5PQ5IUU,0,0.01417659851671121
ID_TS_NEW_08SRYYM6,1,0.7038527228061576
ID_TS_NEW_QJ0YH92G,1,0.9458029241699001
ID_TS_NEW_VVHUJ6MJ,1,0.957610936444996
ID_TS_NEW_ME49YMX5,0,0.04294186890847347
ID_TS_NEW_E3JMQJPR,1,0.9658479342870131
ID_TS_NEW_HS9LREPN,1,0.9324531841074845
ID_TS_NEW_D1X8JYSS,0,0.125522267012085
ID_TS_NEW_BY6YM2RU,0,0.008337740946491229
ID_TS_NEW_IQZOZ5N1,1,0.992508048284533
ID_TS_NEW_KVPM2TBR,1,0.7742867306237542
ID_TS_NEW_ZLBVEY3T,1,0.9861019561231816
ID_TS_NEW_1Q1GIV3O,1,0.9977145912165293
ID_TS_NEW_V5HPRNCP,1,0.9984419442074939
ID_TS_NEW_V4Q5AQIE,1,0.9886222769999267
ID_TS_NEW_A27OEJZD,1,0.9085562479050678
ID_TS_NEW_IC2S6URH,1,0.9165400261265915
ID_TS_NEW_U76GTV2S,1,0.9715158201691936
ID_TS_NEW_ZYGZAKBM,1,0.9915171591585299
ID_TS_NEW_L0FXG04Z,0,0.4774840268140438
ID_TS_NEW_2HUGKCYS,1,0.9424858258689203
ID_TS_NEW_LOS601FR,1,0.9906067658441762
ID_TS_NEW_SCRYJ20E,1,0.8856055912760494
ID_TS_NEW_2QQGF6DK,1,0.99706335793681
ID_TS_NEW_I394NPY1,1,0.9861119414606077
ID_TS_NEW_DRR5RI5M,0,0.007491719587890522
ID_TS_NEW_S49DLN5E,1,0.8425939442111806
ID_TS_NEW_2BY0U2SX,0,0.005838440666893008
ID_TS_NEW_747ISX6G,1,0.9873309220202847
ID_TS_NEW_O3DKNS93,1,0.9547684749588117
ID_TS_NEW_2DJVFG2T,1,0.9262250481332239
ID_TS_NEW_Z8J9NRN4,1,0.8131475221076945
ID_TS_NEW_DON4XV0Q,1,0.8956799028682108
ID_TS_NEW_XYOUK90U,0,0.06466410184662645
ID_TS_NEW_FN73QJ96,1,0.9957498479461816
ID_TS_NEW_9LLP9XZ8,1,0.9954610032202242
ID_TS_NEW_VEYIDDR9,1,0.5392284475231592
ID_TS_NEW_YB883A1Z,0,0.01185725755186788
ID_TS_NEW_COLBY04S,1,0.571539072242689
ID_TS_NEW_SZNF4Q6I,1,0.840680347427523
ID_TS_NEW_ABBCZLLX,1,0.8628221915483055
ID_TS_NEW_LS0RCBWG,0,0.08320421168702402
ID_TS_NEW_FMP59ECZ,0,0.04284773709535815
ID_TS_NEW_CUE53TQK,1,0.9779772391706565
ID_TS_NEW_ZCTBSC9P,1,0.8677520787092667
ID_TS_NEW_W4F0KV1V,1,0.9993163620267369
ID_TS_NEW_DR1Y0CP2,0,0.06687735526471868
ID_TS_NEW_44C5H1WF,0,0.1916943911458635
ID_TS_NEW_QDJEINI6,1,0.9988137320804046
ID_TS_NEW_6OGR1KRI,1,0.6615465809195502
ID_TS_NEW_M904HEN7,1,0.9257455633454462
ID_TS_NEW_4Q1VMORA,1,0.9375401896851848
ID_TS_NEW_B4M5RZVC,0,0.06253656940675917
ID_TS_NEW_86XDAGNR,1,0.9667982414019891
ID_TS_NEW_U5U4HBC7,1,0.9874066603670777
ID_TS_NEW_MXO4ZHAN,1,0.8843597779607016
ID_TS_NEW_PU7JABVO,1,0.8727849566881996
ID_TS_NEW_XMBWZZT7,1,0.992947557170561
ID_TS_NEW_VXLFAT1M,1,0.901613841011562
ID_TS_NEW_JZD25EL3,1,0.9843562047118014
ID_TS_NEW_I5ACCV6M,0,0.03396483136510056
ID_TS_NEW_UJWYMMMU,1,0.9992773222423301
ID_TS_NEW_A1RHXGPK,1,0.9430202402034121
ID_TS_NEW_2URYKBFZ,1,0.9929349115014667
ID_TS_NEW_CMMRUR3G,1,0.9913989868246581
ID_TS_NEW_FW612T6C,1,0.9619748608933479
ID_TS_NEW_1CS8UYS9,0,0.14063497697480568
ID_TS_NEW_ZWWQSLD7,1,0.7469330798263796
ID_TS_NEW_EA4JTMPN,0,0.13387856890120184
ID_TS_NEW_IR03G83C,1,0.9978713723495107
ID_TS_NEW_787KXSJ1,1,0.996225084238134
ID_TS_NEW_XRKT3S68,0,0.18243028671043054
ID_TS_NEW_I7OEL82L,1,0.5825394399881064
ID_TS_NEW_15AMNZV4,1,0.980944301349425
ID_TS_NEW_FPOPLALB,0,0.029091883532004394
ID_TS_NEW_Q3UZKCXE,1,0.9766881976363052
ID_TS_NEW_WLPH98CV,1,0.9870858798935936
ID_TS_NEW_664BGNAT,1,0.8111996080746651
ID_TS_NEW_35E82WBS,1,0.7971882230303682
ID_TS_NEW_734RECZA,1,0.9971373431602568
ID_TS_NEW_307CVA8Q,1,0.93779116012261
ID_TS_NEW_Z0HVLG9U,0,0.10898817845682139
ID_TS_NEW_JTB4SJXI,0,0.07124729557083835
ID_TS_NEW_V4WLWKV3,1,0.7641357437773154
ID_TS_NEW_FLW9J4S4,0,0.4889011300894852
ID_TS_NEW_B1CH9SAB,0,0.0025430072133955707
ID_TS_NEW_GX2HXCF6,1,0.7551695290695372
ID_TS_NEW_EMSKXGCE,1,0.9381574870425571
ID_TS_NEW_KLGP10DF,1,0.9904886055374719
ID_TS_NEW_I4H23LKH,1,0.9957286596569815
ID_TS_NEW_9QWP1T57,1,0.9769734761285126
ID_TS_NEW_23453CKF,1,0.9461120601027219
ID_TS_NEW_57V5FT9F,0,0.16951836987802474
ID_TS_NEW_E17N439X,0,0.0039730708674455655
ID_TS_NEW_4GJVV1U3,1,0.9977476529590361
ID_TS_NEW_01OVVO6U,1,0.9963295716741376
ID_TS_NEW_NYL9HU9U,1,0.9899020128316701
ID_TS_NEW_NH3J0B6T,1,0.9970543030099733
ID_TS_NEW_3GN8MS8R,1,0.5269018891189823
ID_TS_NEW_UT77JB2A,1,0.5667824377110878
ID_TS_NEW_GYSEZA48,1,0.5227843763281689
ID_TS_NEW_CRS4Q1J7,0,0.05724471907588274
ID_TS_NEW_M8RSKXZW,0,0.2327827098684884
ID_TS_NEW_GCZJCJ4R,1,0.9951120794415711
ID_TS_NEW_DFS350DJ,1,0.7930451824775381
ID_TS_NEW_KAW7VQ1X,1,0.8057614083834778
ID_TS_NEW_IJE6E5TM,1,0.9791843403567307
ID_TS_NEW_0CMKCYBI,1,0.9845793903628907
ID_TS_NEW_L7UIG5I4,1,0.9568075075945773
ID_TS_NEW_QY0KEXU1,0,0.25353787745131584
ID_TS_NEW_61LA3V8E,1,0.7462342290655807
ID_TS_NEW_6O0DKUD3,1,0.8569191470913278
ID_TS_NEW_7UK2SQ0V,0,0.03168294103187238
ID_TS_NEW_RK3L5EM1,0,0.18737534722186616
ID_TS_NEW_GDSW7P3B,0,0.4406155922398746
ID_TS_NEW_26LPDIOE,1,0.8762604663386789
ID_TS_NEW_9KIR7L5E,0,0.00062211963327299
ID_TS_NEW_DG51IEXG,0,0.12613212564736348
ID_TS_NEW_KTE9H1GU,0,0.4951843376260112
ID_TS_NEW_H22YJSEH,1,0.968542155025859
ID_TS_NEW_THXP3CTQ,0,0.025322542750586208
ID_TS_NEW_07RJBRSL,0,0.24793187935134436
ID_TS_NEW_9R0O7FWH,1,0.803750850611329
ID_TS_NEW_ZR7HGELZ,1,0.799851945720606
ID_TS_NEW_R0N1HPF8,1,0.9966477206507653
ID_TS_NEW_6Y8T1XZ8,1,0.9832347715583175
ID_TS_NEW_030K8WXY,1,0.8666215404421773
ID_TS_NEW_BVOHFIMT,1,0.9889830961377951
ID_TS_NEW_7HXWL7TS,1,0.9901383417187715
ID_TS_NEW_GBQADUFK,1,0.950128282338227
ID_TS_NEW_1T141OEA,1,0.9035453710849666
ID_TS_NEW_DUNSGK3E,0,0.04032312273845819
ID_TS_NEW_A9L6RTK7,1,0.9885383155485227
ID_TS_NEW_QE0SVG6R,1,0.9908378106369905
ID_TS_NEW_E0NAZGOI,1,0.9958035389101981
ID_TS_NEW_7JFGNTCE,1,0.9572583316416149
ID_TS_NEW_TDHXJ753,1,0.9978599526235381
ID_TS_NEW_33K1032Q,1,0.8180711791760519
ID_TS_NEW_N7RB794L,0,0.42268553916046614
ID_TS_NEW_GTD1IAAB,1,0.9897430969681477
ID_TS_NEW_EL9QGUX9,1,0.9601666930203325
ID_TS_NEW_YVMNWLPB,1,0.9496120861651137
ID_TS_NEW_UMG40XAH,1,0.991552105481734
ID_TS_NEW_HXIVU3Q2,0,0.0035739032785633666
ID_TS_NEW_RNZRQ0KS,1,0.9959671876611683
ID_TS_NEW_31BSEPT0,1,0.9866873313263029
ID_TS_NEW_WI11LQCH,1,0.9804453054616017
ID_TS_NEW_3O5Z8AAZ,1,0.8924990459266023
ID_TS_NEW_IVOK01PO,0,0.02034191799754652
ID_TS_NEW_H0EBV0WK,1,0.992450198205383
ID_TS_NEW_QXFDQ0OI,1,0.9966412420534804
ID_TS_NEW_0XJTVRHZ,1,0.9907928735668748
ID_TS_NEW_FFS1TEEO,1,0.9963330357698547
ID_TS_NEW_Q3LWL614,1,0.9961091784597506
ID_TS_NEW_APUT1QE0,0,0.0702812144223918
ID_TS_NEW_ZEDA631H,1,0.7925960133217734
ID_TS_NEW_BNM8NPRI,1,0.8427812613058266
ID_TS_NEW_PM2QHRXX,1,0.9668494557224372
ID_TS_NEW_RK7EEIG1,1,0.6267360466963143
ID_TS_NEW_86L11W21,1,0.9783720027634571
ID_TS_NEW_Y7QOIPQ6,1,0.926308721320075
ID_TS_NEW_GV88IGXW,0,0.11242113342253683
ID_TS_NEW_WTK1NRPE,1,0.9848798728699031
ID_TS_NEW_0I9DK02D,1,0.8538658792705222
ID_TS_NEW_OA9TX3XZ,0,0.02308035436164139
ID_TS_NEW_RWG0QFIZ,0,0.015830633577081477
ID_TS_NEW_NUYP0EJM,1,0.9910029330046304
ID_TS_NEW_710E4Q9Z,0,0.19038792314194203
ID_TS_NEW_FQL1U58P,1,0.9876521087810533
ID_TS_NEW_AWI8RFGB,1,0.9877048988973035
ID_TS_NEW_1ZMKLTEB,0,0.006548486642121031
ID_TS_NEW_IEW2QZVI,1,0.9804704286510847
ID_TS_NEW_QNFINCK8,1,0.998130259296247
ID_TS_NEW_MOV2YTPP,1,0.9454132300190593
ID_TS_NEW_H4WRDE3G,1,0.8650517792211484
ID_TS_NEW_K08DPGF2,0,0.002156643884422529
ID_TS_NEW_M1G8BJIF,1,0.9044878994219272
ID_TS_NEW_O5RWKI5H,1,0.998961731195996
ID_TS_NEW_ZLCUY2VV,0,0.08474003988439006
ID_TS_NEW_6SFHQ69C,1,0.6003710657060335
ID_TS_NEW_GIYLLGE0,0,0.0009529084664729069
ID_TS_NEW_K26Y77IG,0,0.12211850132716764
ID_TS_NEW_ZNHRRD9V,0,0.0338919615017809
ID_TS_NEW_Y4O3A54Y,1,0.5267467662983791
ID_TS_NEW_4GG3KM40,1,0.9666241639118078
ID_TS_NEW_VBHT4FI4,0,0.24132824859382637
ID_TS_NEW_PDZ37CJW,1,0.9300746273940698
ID_TS_NEW_SDI04A43,0,0.2589753858040206
ID_TS_NEW_6830N9DA,1,0.9962831149826477
ID_TS_NEW_PXZ4AR77,1,0.67530266574208
ID_TS_NEW_6URRKGIL,1,0.9945469185315453
ID_TS_NEW_6KHQ9M05,1,0.5218431499545101
ID_TS_NEW_RXUOHVU7,1,0.9986824910583946
ID_TS_NEW_05H6TLM4,1,0.9632903626105598
ID_TS_NEW_V2QJG5TR,1,0.9426716703862426
ID_TS_NEW_WP6T8IAW,1,0.9377512425523424
ID_TS_NEW_E1MIFU7P,1,0.9960564278700575
ID_TS_NEW_ZT51DLKT,1,0.9925988884491306
ID_TS_NEW_GCU1H6K0,1,0.9906034148979331
ID_TS_NEW_NKWJSDPH,1,0.9908199227412856
ID_TS_NEW_M7QR2UL2,1,0.9976251012803691
ID_TS_NEW_JWBICG54,1,0.9881222516832109
ID_TS_NEW_HOZT6BV1,1,0.949900439301485
ID_TS_NEW_OKYF0AKD,1,0.9957607571330632
ID_TS_NEW_V5E1C7QL,1,0.9935319545731082
ID_TS_NEW_66LELD8D,0,0.0388071666250024
ID_TS_NEW_421T2LN9,1,0.9853309349499594
ID_TS_NEW_MD0LKTFZ,0,0.02650137785093058
ID_TS_NEW_1J8AG4HT,1,0.9934729178338201
ID_TS_NEW_4O12HQOQ,1,0.9939764801462602
ID_TS_NEW_BQBGZGNZ,1,0.9451404538370223
ID_TS_NEW_A0607KMM,1,0.9665038305576641
ID_TS_NEW_KC0UHWNX,1,0.8080943691475666
ID_TS_NEW_4GUK0HFX,1,0.983404588090121
ID_TS_NEW_ML6G2B51,1,0.8452854862920932
ID_TS_NEW_ED9LUTPE,1,0.9970501329128404
ID_TS_NEW_AA6H3GPA,0,0.006727962224502052
ID_TS_NEW_7ESQHTYI,1,0.97083375746522
ID_TS_NEW_O55M9X7U,1,0.5910580530939911
ID_TS_NEW_PL6T6IWK,1,0.6024511137898643
ID_TS_NEW_9ZFR9I8Z,1,0.986367829056013
ID_TS_NEW_PX5R7ZSQ,0,0.13525499796051058
ID_TS_NEW_0EI5QGYD,1,0.9488995070062123
ID_TS_NEW_AX2TDYAF,0,0.34506944223405384
ID_TS_NEW_SNY1T9A8,1,0.6748977690360672
ID_TS_NEW_9S9US1LH,0,0.04250510927997896
ID_TS_NEW_AA2DZKQN,1,0.7797607936004047
ID_TS_NEW_3VRZVQD8,1,0.9127016938750163
ID_TS_NEW_5ULUH5OV,1,0.9982062715943003
ID_TS_NEW_CMYYB321,1,0.6570750301622689
ID_TS_NEW_N2P0QWI9,1,0.833478408439641
ID_TS_NEW_JDBTCTPS,0,0.023909209870140936
ID_TS_NEW_FYGP3QLQ,1,0.998471562577023
ID_TS_NEW_A49AXYDD,1,0.9950105528051071
ID_TS_NEW_RLPLFNYO,1,0.9941880018479194
ID_TS_NEW_TDIZM9RV,1,0.9972213277316008
ID_TS_NEW_ACXMR74T,1,0.9970618513294043
ID_TS_NEW_QH6DU9KK,1,0.9636580676250769
ID_TS_NEW_5REDVD34,0,0.013139836033332065
ID_TS_NEW_N62QO44R,1,0.9674104504460403
ID_TS_NEW_OJ09YX0V,0,0.0008106710953788221
ID_TS_NEW_6UWJN60H,1,0.99741687389366
ID_TS_NEW_NOCMDM82,1,0.9234950302201234
ID_TS_NEW_1UXT6KSH,1,0.9482859355252242
ID_TS_NEW_TT48FCUQ,1,0.9972055957582302
ID_TS_NEW_51OZTP0A,0,0.005474179757558629
ID_TS_NEW_M6Y0D896,1,0.930977865684161
ID_TS_NEW_72CROHXV,1,0.783285966859814
ID_TS_NEW_2K8QS1GC,1,0.9984180905151822
ID_TS_NEW_CWNDIQPM,1,0.6245810218298689
ID_TS_NEW_IVYEPUNP,1,0.9958790927357818
ID_TS_NEW_QHB5P0MF,1,0.9963491959798777
ID_TS_NEW_YT4JPXWS,1,0.9996937551596621
ID_TS_NEW_UR885LIW,1,0.9551096866378872
ID_TS_NEW_ZCDLD7IX,1,0.9933329844450892
ID_TS_NEW_OOR2GSYB,1,0.9969116323804389
ID_TS_NEW_0VP54BHV,1,0.9132749474511037
ID_TS_NEW_AM0HG8M9,1,0.9903418920578743
ID_TS_NEW_LOP5O84P,1,0.9929019127764164
ID_TS_NEW_ICW5KUGU,1,0.9276409967333983
ID_TS_NEW_D09FIIW0,1,0.9910499012469424
ID_TS_NEW_5HFD4N5U,0,0.1082945499688914
ID_TS_NEW_MCPPHTG3,1,0.5850422812971128
ID_TS_NEW_DE6U77M5,1,0.9930099140431955
ID_TS_NEW_A6LBIR3E,1,0.9931007335317499
ID_TS_NEW_TINW26NU,0,0.03892344969227708
ID_TS_NEW_23SZ5KWA,1,0.9925204286322502
ID_TS_NEW_SICUGO4S,0,0.05671512987177756
ID_TS_NEW_GD04IUBU,1,0.9922974372682215
ID_TS_NEW_B1PHIAV7,1,0.9871025065655589
ID_TS_NEW_ZW9VQCNA,1,0.9894281982027592
ID_TS_NEW_W984J50I,1,0.9996812793676754
ID_TS_NEW_IHCQY6NW,1,0.9398355619811032
ID_TS_NEW_RO4UI4OZ,1,0.9529782642794722
ID_TS_NEW_H5ROJ86H,1,0.9826093936005093
ID_TS_NEW_873F8CT4,0,0.44365895514444054
ID_TS_NEW_AJQLAN52,1,0.9947678661061341
ID_TS_NEW_IPKZNIG4,1,0.9647609283991602
ID_TS_NEW_0UJHS08O,1,0.946905094900546
ID_TS_NEW_D72PLI7P,1,0.7827703149431169
ID_TS_NEW_8ZKVOTOO,1,0.9902012480233774
ID_TS_NEW_KO31RKB4,0,0.04661862583281819
ID_TS_NEW_SW265M3W,1,0.9830874323197378
ID_TS_NEW_AUCS9HJ7,1,0.6236823551657733
ID_TS_NEW_QM19T1MG,1,0.9215616527034272
ID_TS_NEW_DS9GMA00,1,0.9672752793238977
ID_TS_NEW_3VTKFIA2,0,0.20875309399491745
ID_TS_NEW_MI5X0N2B,0,0.01625056013970443
ID_TS_NEW_VG0MW3VQ,0,0.255761198750316
ID_TS_NEW_MA3UTG0V,1,0.7645196720805145
ID_TS_NEW_UW01VY97,1,0.7262130752186351
ID_TS_NEW_16NMLX5O,1,0.9889703361777535
ID_TS_NEW_6ND66KN2,0,0.05805855190727572
ID_TS_NEW_599B8OTC,1,0.9949907276794576
ID_TS_NEW_8FE7IAL3,1,0.8166557311926589
ID_TS_NEW_NUE1CTF8,1,0.8110697606721717
ID_TS_NEW_ONOD8BQW,0,0.1684568680893272
ID_TS_NEW_WQIIPD9K,1,0.9957207764372449
ID_TS_NEW_DXEQJ3BZ,0,0.08057103361770422
ID_TS_NEW_ZGFZURMY,0,0.034385289898638066
ID_TS_NEW_4H1XMYRJ,1,0.9908917188109051
ID_TS_NEW_J58JBZBE,1,0.9783462630321128
ID_TS_NEW_YKR2C9TW,1,0.9938304128437752
ID_TS_NEW_PMPE9EKK,1,0.823524237170423
ID_TS_NEW_F31V7CSA,0,0.0018083532353624736
ID_TS_NEW_KOD0K8F7,0,0.07334251212692085
ID_TS_NEW_21HVN07S,1,0.9293636117232403
ID_TS_NEW_1Z98XIFK,1,0.9671193704409363
ID_TS_NEW_CRSGBJ05,1,0.9927945810360844
ID_TS_NEW_JWBAPTGK,1,0.8774686164847507
ID_TS_NEW_BMK3T54Y,1,0.9935569829199757
ID_TS_NEW_PPV50YOA,1,0.9664576850745413
ID_TS_NEW_6GB9NIP1,1,0.8591162988055844
ID_TS_NEW_NET4XV49,1,0.9930128183180847
ID_TS_NEW_0XQ8B0DG,0,0.013970209041977287
ID_TS_NEW_BYMKVNU9,0,0.46289397073303257
ID_TS_NEW_07VU7AYD,1,0.8464207795787504
ID_TS_NEW_241G22NO,1,0.9723254064898661
ID_TS_NEW_LWTQM9C9,1,0.9570679963137942
ID_TS_NEW_BQDD9W1X,1,0.9933637336559028
ID_TS_NEW_RSEPFRWH,1,0.9856572107248562
ID_TS_NEW_2ZFLXWNT,1,0.5930597375626142
ID_TS_NEW_N1YX1AZF,1,0.9138137517443149
ID_TS_NEW_LYCATLVE,1,0.9805483036378355
ID_TS_NEW_SZGMN2ON,1,0.9918184316653326
ID_TS_NEW_7RI5I6A5,1,0.9999107716200764
ID_TS_NEW_BNW7GE9H,1,0.9544562978397816
ID_TS_NEW_9C7NLOUP,0,0.04981174571700342
ID_TS_NEW_T1Y2EK3V,1,0.9886333253111488
ID_TS_NEW_7PNY5JTW,1,0.9771206277798566
ID_TS_NEW_CVD4XYUJ,0,0.13886351610331604
ID_TS_NEW_08LXR7W6,1,0.9961677976162239
ID_TS_NEW_OKZO45JO,1,0.9711469344731004
ID_TS_NEW_9SU8HXW9,1,0.910177939666064
ID_TS_NEW_06KY9UJ2,1,0.9853199460178869
ID_TS_NEW_JO0GH1OO,1,0.9534344965634096
ID_TS_NEW_EFJTI828,1,0.9787618087080553
ID_TS_NEW_WB2EC0I4,0,0.19696843075183618
ID_TS_NEW_9X9B8YIA,1,0.9648391211370639
ID_TS_NEW_BPPRZXK4,1,0.8951537435935519
ID_TS_NEW_3O9CNLQI,1,0.9764633406384915
ID_TS_NEW_OGP9Y71P,1,0.9985932367316105
ID_TS_NEW_PHE5MOZA,0,0.13903423578995935
ID_TS_NEW_F6OCM3ZV,1,0.9688970993661759
ID_TS_NEW_9KWKF9NV,0,0.005573198999673715
ID_TS_NEW_N6WLLS8S,1,0.9916252573207082
ID_TS_NEW_45K3JAJL,1,0.6820442668878941
ID_TS_NEW_HT8D1JR3,1,0.990716586787923
ID_TS_NEW_UOBHC38I,1,0.9457961238308662
ID_TS_NEW_AXL426AU,0,0.014669515699125993
ID_TS_NEW_LZ1XASI6,1,0.9886116460034948
ID_TS_NEW_ZQFF99LO,0,0.029523142356633624
ID_TS_NEW_50P1ZR2Q,1,0.9687851645554155
ID_TS_NEW_10WZUUIN,1,0.8088409897359895
ID_TS_NEW_F3DHXOCW,1,0.9819970120968855
ID_TS_NEW_RA18F8RX,0,0.2276039742082767
ID_TS_NEW_FGCB2475,1,0.7551199630228502
ID_TS_NEW_C4XXMZHC,0,0.01795548652840534
ID_TS_NEW_6WQM99JC,1,0.8688289887219396
ID_TS_NEW_3W768OAG,1,0.6380547541548041
ID_TS_NEW_15M9TH0T,0,0.3624012391248449
ID_TS_NEW_KCHCI716,1,0.9965207227074683
ID_TS_NEW_S7PTDWYJ,1,0.9691288872975955
ID_TS_NEW_YSIHMUE3,1,0.9834977886965229
ID_TS_NEW_R8HHF7N2,0,0.0034734077939555033
ID_TS_NEW_CAU4JI0A,1,0.926938167315593
ID_TS_NEW_15IYYDJG,1,0.7907210968637072
ID_TS_NEW_U4ZG1QPF,0,0.33520299909011897
ID_TS_NEW_DOI2V87G,1,0.9933123458649219
ID_TS_NEW_06VNWQQY,1,0.8631473494128847
ID_TS_NEW_L4979A3K,1,0.914564472329936
ID_TS_NEW_RX91IYK5,1,0.8764079385931894
ID_TS_NEW_UYX7G2HS,1,0.9906835659966013
ID_TS_NEW_RZU3MUHQ,1,0.9961920014361578
ID_TS_NEW_FMOQOQQ7,1,0.9824690991167763
ID_TS_NEW_NT3NPGE8,1,0.9742004811165875
ID_TS_NEW_YDXMZ3SR,1,0.624686680956758
ID_TS_NEW_WBKYZZXX,1,0.9930816499788097
ID_TS_NEW_Z7WHKS3T,1,0.8546047708029739
ID_TS_NEW_V18QL4VJ,1,0.9163732174692327
ID_TS_NEW_B6AVU00V,1,0.9944544919594474
ID_TS_NEW_PL696U0H,1,0.9998140611203914
ID_TS_NEW_BSR1TN5X,1,0.991375045085938
ID_TS_NEW_HGA2YW48,1,0.9925708601004668
ID_TS_NEW_ABR393FD,1,0.7495815504591236
ID_TS_NEW_9OVGM878,1,0.962351105102635
ID_TS_NEW_6CGN5JCU,0,0.05843180129237748
ID_TS_NEW_BHMJ42LB,1,0.9066649186704249
ID_TS_NEW_RT7J1KH3,1,0.6733904876586017
ID_TS_NEW_TOD2UYV3,1,0.9979135536285958
ID_TS_NEW_B33WNMN3,1,0.9248175618192052
ID_TS_NEW_3C7V259U,1,0.9875152960230623
ID_TS_NEW_RQBGGG9T,1,0.9742259283027233
ID_TS_NEW_U54DFR7B,1,0.9975585855786535
ID_TS_NEW_O6IFBH76,1,0.9733641938454781
ID_TS_NEW_FBVNRB5Q,1,0.960776213089737
ID_TS_NEW_6VURNWUH,0,0.15899100437490063
ID_TS_NEW_85X8EE04,0,0.008753223921320741
ID_TS_NEW_KLPUOOY4,1,0.9954882781147917
ID_TS_NEW_PXI6OT32,1,0.9912352812525991
ID_TS_NEW_54YB9PAF,1,0.7229965255001065
ID_TS_NEW_AJQ25E1G,1,0.9865938478231921
ID_TS_NEW_22Q0CVT6,1,0.9473883042852964
ID_TS_NEW_I10RD2RL,1,0.9850355054506065
ID_TS_NEW_LTR2QCUY,1,0.9751443581872297
ID_TS_NEW_3VV32XQX,0,0.194380448599416
ID_TS_NEW_VFXWCQH4,0,0.25876048195800266
ID_TS_NEW_FPIONUVS,1,0.9993078593101515
ID_TS_NEW_UZV8VPGJ,0,0.04904909626222693
ID_TS_NEW_FM3N3F71,1,0.9913830686168572
ID_TS_NEW_QA3IC9KD,1,0.9826695439902187
ID_TS_NEW_HVKYTOZS,1,0.997469218722108
ID_TS_NEW_DQOADKC1,0,0.022368140805788056
ID_TS_NEW_CDE19IT9,0,0.045378065668348705
ID_TS_NEW_GH344KGC,1,0.5324905315057445
ID_TS_NEW_R2T5XDBA,1,0.9457514991996941
ID_TS_NEW_H3K52PWR,1,0.9975649851329002
ID_TS_NEW_CFNGOBMV,1,0.7456339647361855
ID_TS_NEW_T4ZX0TI9,1,0.9426092987019511
ID_TS_NEW_G1Z2IQMJ,1,0.647271993781163
ID_TS_NEW_5ZYQLFA4,1,0.9828334703921949
ID_TS_NEW_M3VFN3GR,1,0.9302190034213161
ID_TS_NEW_6ALLJGSU,1,0.9978523833679549
ID_TS_NEW_LUO5HB2Z,1,0.9912918440720995
ID_TS_NEW_TT29SXH6,0,0.11545721928240567
ID_TS_NEW_HGPMD5LQ,1,0.990081861784706
ID_TS_NEW_EVIY7CFX,1,0.9953866042616915
ID_TS_NEW_YFECGGWI,1,0.9956434922141646
ID_TS_NEW_TNQOCA6P,0,0.4490259622378118
ID_TS_NEW_CS0G1TDW,1,0.9973067305604018
ID_TS_NEW_11OXJ167,0,0.00026736329825011624
ID_TS_NEW_EDU28KVK,1,0.9989405872217927
ID_TS_NEW_7CJUBG12,1,0.9944934299653441
ID_TS_NEW_58AGE9UU,1,0.9790890624514041
ID_TS_NEW_5VCZRPNT,1,0.9948740381164327
ID_TS_NEW_KVVOH9EG,1,0.9965783071671875
ID_TS_NEW_REIJDWOE,1,0.9918312993203053
ID_TS_NEW_N0EJ1HEN,1,0.8407070911555853
ID_TS_NEW_LJZ4MO7L,1,0.7828613919229135
ID_TS_NEW_QUZTA2JQ,1,0.9900875212751291
ID_TS_NEW_F27CKE40,0,0.05518700575387277
ID_TS_NEW_Y9RIWYH4,0,0.3869430460070185
ID_TS_NEW_MOFMXDN5,1,0.9075007325524399
ID_TS_NEW_B7QWVT3L,1,0.9964796250100805
ID_TS_NEW_JY8CIFZT,1,0.7388488793473817
ID_TS_NEW_5NOABH62,1,0.8070547117133926
ID_TS_NEW_UJGGK7TR,1,0.9900540490427299
ID_TS_NEW_STSN1YHF,0,0.03419957698213566
ID_TS_NEW_KHNO9WA2,0,0.02075865153387251
ID_TS_NEW_23YTIWZS,0,0.15018226914832103
ID_TS_NEW_CWP6UK74,1,0.5284451313066139
ID_TS_NEW_DTFI1IY4,1,0.9839233595680348
ID_TS_NEW_ZLQ0Z6PC,1,0.9838615369917789
ID_TS_NEW_UP5ZZ8UG,0,0.06410299431727813
ID_TS_NEW_K99F83M7,0,0.017384305151561582
ID_TS_NEW_RKDRZJJ1,1,0.9458353482033892
ID_TS_NEW_R8LFTJ2J,0,0.012567270045712654
ID_TS_NEW_RIFCBG2N,0,0.008524090935179016
ID_TS_NEW_AFKKUQN9,1,0.9507468135292025
ID_TS_NEW_LJQRQ88R,1,0.9620912086942078
ID_TS_NEW_H7VOTRPD,0,0.01354636132873958
ID_TS_NEW_60OOD3ZZ,1,0.9429017500493243
ID_TS_NEW_EOT5KPEQ,1,0.9220249487880632
ID_TS_NEW_S05UNLM3,1,0.9776070335957168
ID_TS_NEW_TEJAQVXV,0,0.0021910575806194056
ID_TS_NEW_G69T8ZJA,1,0.8302470441501467
ID_TS_NEW_D7DQRQAZ,1,0.5851187093340474
ID_TS_NEW_6MUUXPH8,1,0.9848351814085422
ID_TS_NEW_L62BSQEH,1,0.5269925713529415
ID_TS_NEW_OMNNTS0V,1,0.7289228930376059
ID_TS_NEW_OTTZX8S1,0,0.02840376202114624
ID_TS_NEW_1RB4ZKC2,1,0.9934133722036397
ID_TS_NEW_AR58BTVE,1,0.9909296957887876
ID_TS_NEW_TKUUKF6I,1,0.9696360852341934
ID_TS_NEW_17H5H6XP,1,0.9987882854155435
ID_TS_NEW_T41G2DDD,0,0.02461118779291514
ID_TS_NEW_RYPIPHV4,0,0.03898752393847651
ID_TS_NEW_NJCQ15ZY,1,0.8065964094311462
ID_TS_NEW_LK451D9G,1,0.5943167597749842
ID_TS_NEW_98AEJE62,1,0.9695523837598155
ID_TS_NEW_SQ9G9PVO,1,0.9796812676874843
ID_TS_NEW_SI6TA9KI,1,0.9880751201996478
ID_TS_NEW_JHU6MG2B,1,0.9899580984270632
ID_TS_NEW_QSV58M51,1,0.9395531453661652
ID_TS_NEW_O9VFBVDA,0,0.24657980020191447
ID_TS_NEW_VAJNXRAS,0,0.08490229729245603
ID_TS_NEW_I4800P8U,1,0.9859459885036052
ID_TS_NEW_7M6RU7A6,1,0.7517575758355679
ID_TS_NEW_2F574JVS,1,0.9975390395206253
ID_TS_NEW_IGE8Q8EO,1,0.9796456318433749
ID_TS_NEW_A8GB6ZHI,0,0.015504526955580786
ID_TS_NEW_VKVY135X,0,0.47839996989970934
ID_TS_NEW_FYU8VT0O,0,0.12895579762326015
ID_TS_NEW_Q74YPXGC,1,0.5293535184554261
ID_TS_NEW_7I7X9LYN,1,0.7904000940371452
ID_TS_NEW_IVMA2Y87,0,0.01987177120643023
ID_TS_NEW_VEI120DX,1,0.993213941693567
ID_TS_NEW_O8BXGQEE,1,0.9736445309676717
ID_TS_NEW_6JY8SNMG,1,0.9636890710887469
ID_TS_NEW_VD9XZOXS,1,0.9731460381675093
ID_TS_NEW_P5MJJJAQ,1,0.9113098474588438
ID_TS_NEW_W2V7EFZ1,1,0.9122798947744803
ID_TS_NEW_9G9SBX90,1,0.7827584097047453
ID_TS_NEW_VCPDZBH0,0,0.4794966669544311
ID_TS_NEW_UID38FVV,1,0.9797116731662294
ID_TS_NEW_FCGZ0FWE,0,0.4627477994938646
ID_TS_NEW_GWR5JYME,1,0.9978962052583599
ID_TS_NEW_QEOU5F5D,1,0.9997772951306918
ID_TS_NEW_15QS2OWJ,1,0.9980282914828338
ID_TS_NEW_R9ONEUON,1,0.9985589585349076
ID_TS_NEW_3BPHOV8X,1,0.579570796806813
ID_TS_NEW_6EUOKYQG,1,0.9777581229481824
ID_TS_NEW_YD33AEIJ,1,0.8009129363850033
ID_TS_NEW_O4WIAVZE,1,0.9860095056668553
ID_TS_NEW_719PIPMX,1,0.9653185984947634
ID_TS_NEW_8XPRNVFW,1,0.9788913158181449
ID_TS_NEW_0KWD29QW,0,0.006912988260418048
ID_TS_NEW_MX9M43GA,0,0.00226023657070858
ID_TS_NEW_4XRKPRCD,0,0.030497051174400942
ID_TS_NEW_NRM2HPYK,0,0.3321116584251393
ID_TS_NEW_WP3A4ZPP,1,0.9956675433558245
ID_TS_NEW_TSC7AU73,1,0.985839475565688
ID_TS_NEW_0A4QC38H,0,0.016482016967013412
ID_TS_NEW_CD6NOEII,0,0.3507013395874119
ID_TS_NEW_J2VHG8SF,1,0.9963835012883443
ID_TS_NEW_NPK6JRZN,1,0.9337866616794743
ID_TS_NEW_Q0UPI8AC,1,0.9163109688428451
ID_TS_NEW_T775YDOM,1,0.9865650899107586
ID_TS_NEW_KI0YVEFR,0,0.04081180223625173
ID_TS_NEW_9ST4WHKB,1,0.9889007046562559
ID_TS_NEW_M7D7QDLA,1,0.906045837066955
ID_TS_NEW_SJPRTDZP,1,0.9951108845346202
ID_TS_NEW_I4XGRMR3,1,0.9638445412536808
ID_TS_NEW_0MA9C1RO,1,0.9989980728751588
ID_TS_NEW_UON6LF6V,1,0.9835379500538386
ID_TS_NEW_5IATBV23,1,0.9228015094513676
ID_TS_NEW_40ED28PM,1,0.9804676705763933
ID_TS_NEW_F73RTVU6,1,0.9869538063192139
ID_TS_NEW_JU913KS8,1,0.9856926853670592
ID_TS_NEW_LJFISIBD,1,0.9147379756705388
ID_TS_NEW_7NF2ABHO,0,0.48180185325798996
ID_TS_NEW_IBCWEGPJ,0,0.12582181680551535
ID_TS_NEW_01T3I13F,1,0.992081299079471
ID_TS_NEW_C5LTMNBW,1,0.9471885095338387
ID_TS_NEW_M09FIGT7,1,0.9879839205591071
ID_TS_NEW_UTWNJYO0,0,0.05295661050512549
ID_TS_NEW_ROSUF228,1,0.9317532932218594
ID_TS_NEW_FA5RTLK4,1,0.9969212791527619
ID_TS_NEW_T50CBLXJ,1,0.526860258197065
ID_TS_NEW_RR65036C,0,0.027636307941423126
ID_TS_NEW_6AF9QJRM,1,0.9728740409996955
ID_TS_NEW_3GBS3RNM,0,0.2124189079274411
ID_TS_NEW_9TAATNYV,1,0.9996385251520551
ID_TS_NEW_PFHD41J2,1,0.9750040277007225
ID_TS_NEW_36726SKB,0,0.020030283138166537
ID_TS_NEW_82W12O2Z,1,0.7889208407374978
ID_TS_NEW_6KJDEK4T,1,0.8735431771016113
ID_TS_NEW_PH6DMDS2,1,0.9518600090586418
ID_TS_NEW_6YZJCWNV,1,0.9617148306835955
ID_TS_NEW_A81CQTDL,0,0.240379315922633
ID_TS_NEW_58VULSJN,1,0.7814329939560735
ID_TS_NEW_MJTLD2YP,1,0.9866323744734142
ID_TS_NEW_238A6XRR,0,3.741411533809934e-05
ID_TS_NEW_T8BZ52U2,1,0.939238078336528
ID_TS_NEW_7DR30MYB,1,0.9975542183415654
ID_TS_NEW_J87HRVI7,1,0.9209258451203886
ID_TS_NEW_IVB4JD1E,0,0.03388926244117657
ID_TS_NEW_0CGVBYES,1,0.9833260321696745
ID_TS_NEW_DXY53YSL,1,0.9924047610150467
ID_TS_NEW_VT67WIQ3,1,0.9858558979969254
ID_TS_NEW_M9I50GKP,1,0.9377392125552011
ID_TS_NEW_LWK3C5DG,0,0.025006383045525226
ID_TS_NEW_KANAPXT9,1,0.5170772394473756
ID_TS_NEW_DUJNNUP2,1,0.8677120068118738
ID_TS_NEW_HYKKUVE7,0,0.3010233743853469
ID_TS_NEW_TSDO00M0,1,0.9384587194391437
ID_TS_NEW_W6YMJWYA,1,0.7512589613280218
ID_TS_NEW_WKA7WT4K,0,0.028437123348672936
ID_TS_NEW_PKSDTK08,1,0.7024135424022802
ID_TS_NEW_SXY3ADTC,1,0.5897194505708759
ID_TS_NEW_1D47OL8R,1,0.9942030876933835
ID_TS_NEW_52B6WJ32,1,0.994955230794666
ID_TS_NEW_GRD3BLGR,1,0.991253986924134
ID_TS_NEW_PH88CV2S,1,0.9232574008235293
ID_TS_NEW_9EYZ4TWS,1,0.9925098409448956
ID_TS_NEW_L5VGT8K9,1,0.6043571699936325
ID_TS_NEW_WNPLGRYU,1,0.9196228483831644
ID_TS_NEW_0SE0V0AD,1,0.9931403501060821
ID_TS_NEW_SYUPPUC5,0,0.0362427880404595
ID_TS_NEW_SIWH60UT,1,0.9420524825458158
ID_TS_NEW_86UJ8ZKD,0,0.44609828376652405
ID_TS_NEW_5GMK0Y4X,1,0.9769267331038045
ID_TS_NEW_V3W27KFX,1,0.9170272982869895
ID_TS_NEW_XI7NCN4Q,0,0.023261962269777118
ID_TS_NEW_SIEW7KQS,0,0.06999291782998142
ID_TS_NEW_WOYA4G0N,1,0.9958807365339511
ID_TS_NEW_ECDFVWQL,1,0.9759280662455668
ID_TS_NEW_4LUQAL3W,1,0.54628121185158
ID_TS_NEW_2JG7DIKN,0,0.09039528057709137
ID_TS_NEW_1EUTB0SK,1,0.5599219361946509
ID_TS_NEW_37HYA1RO,1,0.7959999000486684
ID_TS_NEW_JEZTBO7F,0,0.0713851712915789
ID_TS_NEW_9U8ETBNY,1,0.9393499106033014
ID_TS_NEW_W2ZXQ2I9,0,0.011702061929835179
ID_TS_NEW_UE8WANCI,0,0.07322892609048914
ID_TS_NEW_6616WU68,0,0.043920286385520056
ID_TS_NEW_BKB0D2N7,1,0.9999309573227639
ID_TS_NEW_SED7KJ45,1,0.9975878223660916
ID_TS_NEW_ZCGWMCR9,1,0.9869730134627074
ID_TS_NEW_LASK6X4Y,0,0.13022586241770243
ID_TS_NEW_B25ZNYXD,1,0.9811929708311036
ID_TS_NEW_MGVDBRIV,1,0.9400557919873224
ID_TS_NEW_Q5PWQ0IX,1,0.9558458726877996
ID_TS_NEW_PCG5NEEF,1,0.9965513843473741
ID_TS_NEW_6WWW4AIU,1,0.9860418803594534
ID_TS_NEW_6394YNLS,1,0.9977083010853367
ID_TS_NEW_6WUJC7ED,1,0.681063225592061
ID_TS_NEW_YU8Y76XX,0,0.09639559315537351
ID_TS_NEW_Z046L01H,1,0.9960122466589619
ID_TS_NEW_NK7ZGMZT,0,0.04762421814034995
ID_TS_NEW_A1WQRSJ2,1,0.9990361854328056
ID_TS_NEW_G7E8E105,1,0.9950818441726974
ID_TS_NEW_GWHC4PM8,1,0.9878108277262642
ID_TS_NEW_VOKEJ9FO,1,0.9679632092379212
ID_TS_NEW_JETPR092,1,0.9988003289641698
ID_TS_NEW_IQNXWV25,1,0.9950733099853478
ID_TS_NEW_6Q13YN5R,1,0.9252400759436751
ID_TS_NEW_B3C6J7TB,1,0.9896847897005525
ID_TS_NEW_5ZF5JTCQ,1,0.9601849121888573
ID_TS_NEW_KXHEDXGC,1,0.929363611202789
ID_TS_NEW_W7YGBSUG,1,0.9034422033675779
ID_TS_NEW_SGILTTR2,0,0.17176885675911976
ID_TS_NEW_EU3LSA56,1,0.9792277422223293
ID_TS_NEW_P4QPUW0J,1,0.5559745378139211
ID_TS_NEW_4JBC53DI,1,0.5458755319561504
ID_TS_NEW_79L0VLEC,1,0.9904949513272899
ID_TS_NEW_8H9WCE6X,1,0.8285605736348981
ID_TS_NEW_J3A73YWU,1,0.5233619285498496
ID_TS_NEW_CRVE0P7G,1,0.9637688950075952
ID_TS_NEW_KAN70U2W,1,0.9806902387195244
ID_TS_NEW_LMAQYMO5,1,0.9784618229467665
ID_TS_NEW_2CJXEMGJ,0,0.010352877000277124
ID_TS_NEW_O8RBNO2U,1,0.6934705923680926
ID_TS_NEW_UKE6YBR0,0,0.2074002948496479
ID_TS_NEW_79R5TOCA,1,0.9391228928391175
ID_TS_NEW_ACVR02CF,1,0.9013200996213612
ID_TS_NEW_4BL73603,1,0.9989570099819254
ID_TS_NEW_87KXYDOK,1,0.9651234364517368
ID_TS_NEW_4V92H6YE,1,0.9897543765391207
ID_TS_NEW_7L054U62,0,0.02802577412091024
ID_TS_NEW_Z3F45LL2,1,0.9887526065196572
ID_TS_NEW_3J5N3HVI,1,0.9734941523390918
ID_TS_NEW_ZOVSC6OJ,1,0.927630030740298
ID_TS_NEW_GRPQOQ8I,0,0.04923208133666516
ID_TS_NEW_FM6G6E5F,1,0.935285096390297
ID_TS_NEW_88EXY6N1,1,0.9840517633749197
ID_TS_NEW_I06FCSN6,1,0.9920351212028148
ID_TS_NEW_CLQCH0JM,1,0.9186262163058387
ID_TS_NEW_9TJ5AHEG,0,0.030553290583188505
ID_TS_NEW_G7A77A4N,1,0.974676498836136
ID_TS_NEW_5EBFNDHQ,0,0.018339720509918403
ID_TS_NEW_KGOC2NMK,0,0.013151358617487018
ID_TS_NEW_OYAAPB1V,1,0.9934010629824738
ID_TS_NEW_9M3HHAFV,0,0.12218859720347655
ID_TS_NEW_VK7NWT8K,1,0.8973666600495993
ID_TS_NEW_EJ0B66LO,0,0.3613921108440281
ID_TS_NEW_XL0ELFDC,1,0.9839175734732282
ID_TS_NEW_7ND324MS,0,0.023883832061725764
ID_TS_NEW_PBR85N6S,1,0.984445861785078
ID_TS_NEW_8AXJ3WIZ,1,0.9629742923845844
ID_TS_NEW_44GNQSRB,1,0.9418188597907975
ID_TS_NEW_BWAZ7PCY,1,0.9874028174940392
ID_TS_NEW_X5YTCO1A,1,0.9782301200583127
ID_TS_NEW_IHTNEHVD,1,0.9905066389245509
ID_TS_NEW_1PGIUBOK,1,0.9897766839035349
ID_TS_NEW_4GNA5VCY,1,0.9898970022017672
ID_TS_NEW_6YHIID35,0,0.1658650026606672
ID_TS_NEW_ZF2BP307,1,0.9430506140051975
ID_TS_NEW_G069C2A2,1,0.9781359579289354
ID_TS_NEW_TZSST3X3,1,0.7524904026621652
ID_TS_NEW_J68M3B4Y,1,0.9429990647855336
ID_TS_NEW_CRDQ4V9U,1,0.9953096942671095
ID_TS_NEW_22I6LG4H,1,0.9703533999706395
ID_TS_NEW_VIVX6ZUS,0,0.3595386613558093
ID_TS_NEW_5JLPDXF3,1,0.8811187158408944
ID_TS_NEW_3R7HQZJX,0,0.11577238614676923
ID_TS_NEW_0BPO1TCT,1,0.9927775173853806
ID_TS_NEW_FG1E0UGW,0,0.15236179996270996
ID_TS_NEW_FZWF5P9O,1,0.9949057917123921
ID_TS_NEW_UHIKA69U,1,0.9966399446970864
ID_TS_NEW_ZEOZQ0IL,0,0.06779469516786708
ID_TS_NEW_6H6ZEGO1,1,0.9878052361678196
ID_TS_NEW_D61BK9QB,1,0.9919386276176133
ID_TS_NEW_QG38NVT3,0,0.11232787594197828
ID_TS_NEW_Y60A2BGW,1,0.9147423857619412
ID_TS_NEW_RRI07J57,1,0.9964964762519511
ID_TS_NEW_ORFYH4QY,1,0.9747338335529352
ID_TS_NEW_OTWTCLZR,1,0.984586803940512
ID_TS_NEW_RFPIZYME,0,0.28894642323153713
ID_TS_NEW_KDLRZNTP,1,0.9869428871930263
ID_TS_NEW_1Y5XBEJU,0,0.21967730892876822
ID_TS_NEW_S3YYRKN9,0,0.06750123120438763
ID_TS_NEW_QBK0B1AN,1,0.9805362912193096
ID_TS_NEW_ETQGHLLG,0,0.006642709744837235
ID_TS_NEW_WXW6H2AJ,1,0.9912346505748801
ID_TS_NEW_RFXTF7XX,1,0.8723694891168515
ID_TS_NEW_AEJ8JS4K,1,0.9832792019633795
ID_TS_NEW_5W9WRER7,1,0.913737096095381
ID_TS_NEW_GAD6EJ8A,1,0.9839478980540791
ID_TS_NEW_8B2C9I4A,1,0.6966973637578241
ID_TS_NEW_TN6KDDD6,0,0.02969487749813073
ID_TS_NEW_CBBS4ZIX,0,0.020720431436392843
ID_TS_NEW_S9NS7C65,1,0.9768378469252303
ID_TS_NEW_KSOB30MV,1,0.9822997408895159
ID_TS_NEW_1SMQ86ZQ,1,0.9869835261317358
ID_TS_NEW_ERF29UBH,1,0.9010835453318128
ID_TS_NEW_AOKIO1OG,1,0.7506121615309643
ID_TS_NEW_TD11SRT3,1,0.9558739573848556
ID_TS_NEW_EAOGWQX8,1,0.7838469093111994
ID_TS_NEW_GLXTRE4S,1,0.9875154094716828
ID_TS_NEW_GAG8B21V,1,0.9965925452316012
ID_TS_NEW_66KVEEP1,1,0.9989336685308549
ID_TS_NEW_IAA32RDQ,1,0.9585878768473326
ID_TS_NEW_SFPML3NY,1,0.9023623758210737
ID_TS_NEW_70NUHS6B,1,0.7841499112458253
ID_TS_NEW_511UOY5Q,1,0.9850782258861094
ID_TS_NEW_MBMRGQCN,1,0.7857614480471466
ID_TS_NEW_5P2S3VHA,0,0.0049591430863843555
ID_TS_NEW_BY813WTG,1,0.9978608525633909
ID_TS_NEW_94LCABSJ,1,0.9764297085907252
ID_TS_NEW_J7CQV2OR,1,0.996054135376651
ID_TS_NEW_DX9UEZQ6,1,0.9966915410794683
ID_TS_NEW_UTIV8DAV,1,0.9971632071697353
ID_TS_NEW_NU6QEONN,1,0.9811015891258184
ID_TS_NEW_HBB8QC2Z,1,0.7505749636443262
ID_TS_NEW_WFN6PSBM,1,0.9425296466679394
ID_TS_NEW_4B1KXAYG,1,0.9583877879804242
ID_TS_NEW_XOP2L4TL,1,0.9959050154281978
ID_TS_NEW_4CLM2M7U,1,0.9739180238163172
ID_TS_NEW_CK2GEQJP,1,0.9761087613908379
ID_TS_NEW_HTKVLIGO,1,0.9922719298169648
ID_TS_NEW_A4ILPABR,0,0.011348249585223786
ID_TS_NEW_UEPO198T,1,0.9459948553498815
ID_TS_NEW_JM1AS8KD,1,0.6796028770138292
ID_TS_NEW_NLZ1JO33,0,0.013454932806354446
ID_TS_NEW_SIN064PB,1,0.9963696068079297
ID_TS_NEW_ACGJ7C2O,1,0.8066813821315448
ID_TS_NEW_AQKYFFPQ,1,0.8280944818821484
ID_TS_NEW_FF0WBNVZ,1,0.9506917257949721
ID_TS_NEW_0LSF64PT,1,0.703248774686284
ID_TS_NEW_40N3QOXJ,1,0.992686812151358
ID_TS_NEW_5H5R6AXE,1,0.9811619505409621
ID_TS_NEW_4T0QXPVS,0,0.4813884514742523
ID_TS_NEW_LAMABXQ5,1,0.97590212677467
ID_TS_NEW_DLGS1HL8,1,0.9963280013125796
ID_TS_NEW_JRDG8UWG,1,0.9874188373960227
ID_TS_NEW_W5LO92UB,1,0.81380051431138
ID_TS_NEW_M0H0NQHJ,1,0.7247827997076912
ID_TS_NEW_UDXQ8O8W,1,0.9956908447856365
ID_TS_NEW_884TR3E3,1,0.8551139067204567
ID_TS_NEW_U86UBMI1,1,0.9808490269132141
ID_TS_NEW_YXJ2J8HD,1,0.9541164184021375
ID_TS_NEW_VNPS74X8,1,0.9985693011290301
ID_TS_NEW_DJIWCFC8,1,0.5563350750176842
ID_TS_NEW_0JAKY2IZ,0,0.06422312068014224
ID_TS_NEW_1PJ03QE3,1,0.7687805337864828
ID_TS_NEW_U5TO402A,1,0.9712045660233495
ID_TS_NEW_IQKCEYVA,0,0.011030186343931115
ID_TS_NEW_HR7PDPR6,0,0.005874613996559366
ID_TS_NEW_TGTR4CJR,0,0.020299835579311667
ID_TS_NEW_8PFPLVNZ,1,0.9955942535132666
ID_TS_NEW_VFDHDXKW,1,0.9898109450243621
ID_TS_NEW_EU7YDFQD,0,0.12213572503253274
ID_TS_NEW_M94MF2ZN,1,0.9606657822142303
ID_TS_NEW_J9F7ZC0K,1,0.977340365240185
ID_TS_NEW_N684CKRM,1,0.9542905281358769
ID_TS_NEW_4XDWFTJK,1,0.9539446429259207
ID_TS_NEW_70BIIG68,1,0.9852557145984724
ID_TS_NEW_OONQKG71,1,0.9098321894511947
ID_TS_NEW_YXLQKPA7,1,0.6740353957371795
ID_TS_NEW_3NN91B2N,1,0.9883306178400287
ID_TS_NEW_0LTO3Z4Z,0,0.0022824853280362864
ID_TS_NEW_V86PRKW6,1,0.9641386395365668
ID_TS_NEW_LKZRCSQA,1,0.9749082029428598
ID_TS_NEW_EHKJQ6GN,1,0.9869813034995658
ID_TS_NEW_IM7M56QA,0,0.04668944113668808
ID_TS_NEW_9F4POYGT,0,0.0002738527846794193
ID_TS_NEW_J757LPE4,1,0.9390253435050578
ID_TS_NEW_A0PJQFN1,0,0.008123352663974018
ID_TS_NEW_3NQAGX0G,1,0.9941853506936307
ID_TS_NEW_CI2Q0S1T,0,0.087712734879781
ID_TS_NEW_69GQ0B3G,0,0.2285227862638045
ID_TS_NEW_E22OVY3B,1,0.7958810133854748
ID_TS_NEW_2UU7FAJ7,0,0.4454320557576999
ID_TS_NEW_IAH6DRG2,0,0.036966962345562154
ID_TS_NEW_D1K1CZQG,1,0.9474262688923062
ID_TS_NEW_GOA69JTJ,1,0.9945860690852754
ID_TS_NEW_TAZQND4Q,1,0.9980332185767955
ID_TS_NEW_O17QIKCH,1,0.993182859323105
ID_TS_NEW_PQ3WKA8R,0,0.10490072090393092
ID_TS_NEW_CFBDF436,0,0.10690821779433526
ID_TS_NEW_GYRBFGVZ,1,0.9511256275558241
ID_TS_NEW_IU6MN2VO,0,0.21539661387658005
ID_TS_NEW_QP7BS9JE,1,0.9958618613187451
ID_TS_NEW_TENA028H,1,0.9895025318957492
ID_TS_NEW_Z0YAT6VV,1,0.9912122982619996
ID_TS_NEW_31H10R15,1,0.9801743593552198
ID_TS_NEW_63OVN901,1,0.991769525433918
ID_TS_NEW_FWNORAZR,0,0.01640248849557225
ID_TS_NEW_I4T0FYO7,1,0.8094456094021515
ID_TS_NEW_PADJVEL9,1,0.9849868150825742
ID_TS_NEW_Y1XD0NDO,1,0.9749141241548959
ID_TS_NEW_BJ1E37GM,0,0.18930057450295054
ID_TS_NEW_28N84RMD,0,0.11088776685012486
ID_TS_NEW_2TUHK4JZ,1,0.508022846746868
ID_TS_NEW_C4SWC6CI,1,0.9931773092699548
ID_TS_NEW_8JPACMZ0,1,0.8908969827041496
ID_TS_NEW_YA6ID37J,1,0.8804688571554529
ID_TS_NEW_PJK2JM5O,1,0.9804915251230278
ID_TS_NEW_0W3A96EN,1,0.9313933201145325
ID_TS_NEW_1XLEXD6L,1,0.9831687266643265
ID_TS_NEW_VZSJ2ULH,1,0.9558988079492955
ID_TS_NEW_3EEFR82X,1,0.9945188799797202
ID_TS_NEW_FWM5SFO3,1,0.6872631781313432
ID_TS_NEW_RL6MX7V9,1,0.9912488921331731
ID_TS_NEW_C7T1QVZB,1,0.583023272796651
ID_TS_NEW_WUI1OUI7,1,0.8654880520419904
ID_TS_NEW_MMYKJQ8S,1,0.9777577298571793
ID_TS_NEW_461NZIN9,0,0.017997177470481185
ID_TS_NEW_6LDM3EK2,1,0.7950556024224116
ID_TS_NEW_SVISFCCQ,1,0.9783271064126988
ID_TS_NEW_HJV4LX31,1,0.9669863172641762
ID_TS_NEW_BJSXG3IM,1,0.9717937396328415
ID_TS_NEW_GRYI9G1C,1,0.8616324080564873
ID_TS_NEW_15DVCMZZ,1,0.8624606832262496
ID_TS_NEW_C7CX28F0,1,0.9688504117405539
ID_TS_NEW_AJQJ6B51,1,0.8947077915286503
ID_TS_NEW_6P22MWQ6,1,0.7209796252392008
ID_TS_NEW_RT36YQ9N,1,0.9898946702994843
ID_TS_NEW_7OZBWMW9,1,0.9872082543778578
ID_TS_NEW_FRQ38H3M,1,0.9976299817192258
ID_TS_NEW_8TGU2OAE,0,0.0005613743300420636
ID_TS_NEW_SPRIILK7,1,0.9621032391444613
ID_TS_NEW_IMZZ7Q8V,1,0.9990496675461034
ID_TS_NEW_8WAG4U9S,1,0.9200548899528681
ID_TS_NEW_Z9VETR2N,1,0.9937588160431647
ID_TS_NEW_XCJRPPVB,1,0.9700545387208931
ID_TS_NEW_V42AHOA4,1,0.8813978778318694
ID_TS_NEW_OHCAMKEO,0,0.07105874837654372
ID_TS_NEW_TPLBTJ5D,1,0.9812083910095453
ID_TS_NEW_RAHI9TZ1,1,0.9809951403143556
ID_TS_NEW_45CI25AB,1,0.8926411463105071
ID_TS_NEW_R3GGH4HK,1,0.5088477213223047
ID_TS_NEW_X4Q2NH9A,0,0.38647713379593396
ID_TS_NEW_R4ED30RZ,1,0.9969633262820324
ID_TS_NEW_DF8P8Y2S,0,0.1094538009998985
ID_TS_NEW_B1JCEBZ0,0,0.33478686137669356
ID_TS_NEW_YSQKSDYI,1,0.924128765322139
ID_TS_NEW_66NUKEUB,1,0.9077637274133085
ID_TS_NEW_963TLJIC,1,0.9844800024328865
ID_TS_NEW_D38BA796,1,0.7208929913152129
ID_TS_NEW_C00NIPXD,1,0.9093289786981074
ID_TS_NEW_9RVB7PRI,0,0.045255625904554966
ID_TS_NEW_I1LU5Q2K,1,0.9473044780217481
ID_TS_NEW_0JAHMH31,1,0.9999819550350928
ID_TS_NEW_GWV3YEXA,0,0.11104482801517333
ID_TS_NEW_7KA55JG8,1,0.9142311646799205
ID_TS_NEW_YGYKL4KQ,0,0.0009570940984346953
ID_TS_NEW_MZ9W3F31,0,0.4534310903785266
ID_TS_NEW_O3D090K9,1,0.9759092747159684
ID_TS_NEW_F0ASU9RB,1,0.923615854564457
ID_TS_NEW_B5HB8CEW,1,0.5363045586542309
ID_TS_NEW_LYDF5CSF,1,0.9896759160509534
ID_TS_NEW_1HD6HIHG,1,0.9881360864943961
ID_TS_NEW_L8ES1CW9,0,0.006169436107094721
ID_TS_NEW_94X2H91Y,1,0.9882225201057151
ID_TS_NEW_0PUBZVX4,1,0.9701091389831747
ID_TS_NEW_MV1T6BUQ,1,0.9693181468948239
ID_TS_NEW_HM99C5OH,1,0.987666735108789
ID_TS_NEW_F9EAQ7NH,1,0.9750981104005362
ID_TS_NEW_H8HMBK0P,1,0.7796192179688017
ID_TS_NEW_UPUUEAMV,0,0.005434674997130296
ID_TS_NEW_Y4B68E9O,1,0.6559248111588107
ID_TS_NEW_6W0PZT0P,0,0.006400822435839271
ID_TS_NEW_VK1XTOP8,0,0.34181619097876714
ID_TS_NEW_WRFV0DTV,0,0.06139734599173472
ID_TS_NEW_NRWGWHPE,0,0.30988509076820736
ID_TS_NEW_D6FHITKM,1,0.9851054395537057
ID_TS_NEW_E2LI1BWR,1,0.9960416164371269
ID_TS_NEW_ZBB5IR6D,1,0.9699977847071017
ID_TS_NEW_C39WCSM2,1,0.883443526745817
ID_TS_NEW_FO2MKW8D,0,0.014652112264436027
ID_TS_NEW_6610GQ4K,0,0.000722426948794662
ID_TS_NEW_4VWLX7CR,0,0.23604439890975798
ID_TS_NEW_HLTFMUB7,0,0.15303559724837265
ID_TS_NEW_NK8YMUPS,1,0.9679819187676775
ID_TS_NEW_XYWG3V75,1,0.9214058580622209
ID_TS_NEW_73369R7N,1,0.5227001938499648
ID_TS_NEW_KEGBLY3M,0,0.07497279225409391
ID_TS_NEW_LUUBPK4S,1,0.9893298258524135
ID_TS_NEW_DMGI7V2M,1,0.9949109297776041
ID_TS_NEW_H4PC0W2X,1,0.9260966472605975
ID_TS_NEW_K54YACSR,0,0.040491291995351904
ID_TS_NEW_B4WPDCRR,1,0.9699353110984094
ID_TS_NEW_KS00BCG6,1,0.885711177371918
ID_TS_NEW_43ER9V9O,1,0.9980767741160466
ID_TS_NEW_F7PS2CVN,1,0.8704648278770168
ID_TS_NEW_11OSM6VP,0,0.0102899048456483
ID_TS_NEW_HZNASSZG,1,0.9830657370633584
ID_TS_NEW_CT8291Q0,1,0.9754215707416634
ID_TS_NEW_8AALHLKW,1,0.992065527486531
ID_TS_NEW_56KWODLL,1,0.9858185607659387
ID_TS_NEW_WY3KLABY,1,0.9963099865058581
ID_TS_NEW_EWZ7LQLQ,0,0.007279480726012672
ID_TS_NEW_7E8MVE82,1,0.9571972096090867
ID_TS_NEW_3GHR49ZB,1,0.9695064238348663
ID_TS_NEW_PKUH43JS,0,0.00588460963356231
ID_TS_NEW_OKTJ85M9,1,0.5342019561061142
ID_TS_NEW_PX01I8GZ,1,0.9875316908298751
ID_TS_NEW_PUD7KAVY,0,0.488467917957151
ID_TS_NEW_DLW8WIPJ,0,0.23049939475590994
ID_TS_NEW_TBY1IZA4,0,0.19547107490968957
ID_TS_NEW_VPZFVM3E,0,0.44611439409665055
ID_TS_NEW_RA6FO033,0,0.08189998369959936
ID_TS_NEW_8I5X5NQ7,1,0.9970347988866733
ID_TS_NEW_U1YRPFUA,1,0.9657453380691092
ID_TS_NEW_UIS4B2MM,1,0.9844660096531598
ID_TS_NEW_YYOSC0BB,1,0.9461395696967592
ID_TS_NEW_LE375J0J,1,0.6045339955381739
ID_TS_NEW_ZYR39WCP,1,0.9842022394240987
ID_TS_NEW_S5NHZR8Z,0,0.466405460217948
ID_TS_NEW_K13QU48R,1,0.9977105499759606
ID_TS_NEW_URRKRQIT,1,0.9804605860869956
ID_TS_NEW_SNWDIVQC,0,0.48407007172715294
ID_TS_NEW_PU4TWGVJ,1,0.9856681482526041
ID_TS_NEW_DLHNL6WW,0,0.1107825578626717
ID_TS_NEW_RFBCIMPB,1,0.9317536269164463
ID_TS_NEW_Y580TZYD,0,0.03563103980150228
